RefID,Citation
1.,"Lovett, G.M.; Weiss, M.; Liebhold, A.M.; Holmes, T.P.; Leung, B.; Lambert, K.F.; Orwig, D.A.; Campbell, F.T.; Rosenthal, J.; McCullough, D.G.; et al. Nonnative forest insects and pathogens in the United States: Impacts and policy options. Ecol. Appl. 2016, 26, 1437–1455. [CrossRef] [PubMed]"
2.,"Kovacs, K.F.; Haight, R.G.; McCullough, D.G.; Mercader, R.J.; Siegert, N.W.; Liebhold, A.M. Cost of potential emerald ash borer damage in U.S. communities, 2009–2019. Ecol. Econ. 69, 569–578. [CrossRef] 2010,"
3.,"Gray, M.E.; Sappington, T.W.; Miller, N.J.; Moeser, J.; Bohn, M.O. Adaptation and Invasiveness of Western Corn Rootworm: Intensifying Research on a Worsening Pest. Annu. Rev. Entomol. 2009, 54, 303–321. [CrossRef] [PubMed]"
4.,"Pimentel, D.; Zuniga, R.; Morrison, D. Update on the environmental and economic costs associated with alien-invasive species in the United States. Ecol. Econ. 2005, 52, 273–288. [CrossRef]"
5.,"Morales, C.L.C.; Arbetman, M.M.P.; Cameron, S.A.; Aizen, M.A. Rapid ecological replacement of a native bumble bee by invasive species. Front. Ecol. Environ. 2013, 11, 529–534. [CrossRef]"
6.,"Wenner, A.; Thorp, R.; Barthell, J. Biological control and eradication of feral honey bee colonies on Santa Cruz Island, California: A summary. In Proceedings of the 7th California Islands Symposium Institute Foe Wildlife Studies, Arcata, CA, USA, 5–8 February 2008. Conserv. Biol."
7.,"Schlaepfer, M.A.; Sax, D.F.; Olden, J.D. The Potential Conservation Value of Non-Native Species. 2011, 25, 428–437. [CrossRef] [PubMed]"
8.,"Montalva, J.; Packer, L. First record of the bee Chilicola (Pseudiscelis) rostrata (Friese, 1906) (Colletidae: Xeromelissinae) in Chile: A recent adventive species to the country? Bol. Biodivers. Chile 2012, 7, 63–65."
9.,"Snelling, R. Bees of the Hawaiian Islands, exclusive of Hylaeus (Nesoprosopis)(Hymenoptera: Apoidea). J. Kansas Entomol. Soc. 2003, 76, 342–356."
10.,"Tonietto, R.; Ascher, J.S. Occurrence of the Old World bee species Hylaeus hyalinatus, Anthidium manicatum, A. oblongatum, and Megachile sculpturalis, and the native species Coelioxys banksi, Lasioglossum michiganense, and L. zophops in Illinois (Hymenoptera: Apoidea: Colletidae, Halictidae, Megachilidae). Gt. Lakes Entomol. 2008, 41, 200–203."
11.,"Sheffield, C.; Dumesh, S.; Cheryomina, M. Hylaeus punctatus (Hymenoptera: Colletidae), a bee species new J. Entomol. Soc. Ont. 142, to Canada, with notes on other non-native species. 2011, 29–43."
12.,"Donovall, L.R.; vanEngelsdorp, D. A Checklist of the Bees (Hymenoptera: Apoidea) of Pennsylvania. J. Kansas Entomol. Soc. 2010, 83, 7–24. [CrossRef]"
13.,"Magnacca, K.N.; Nagamine, W.T.; Dathe, H.H. Hylaeus strenuus (Hymenoptera: Colletidae), a new alien bee on O’ahu. Eldredge Bish. Museum Occas. Pap. 2009, 109, 23–24."
14.,"Magnacca, K.; Nagamine, W.; Dathe, H. Hylaeus strenuus (Hymenoptera: Colletidae), a new alien bee on O’ahu. In Records of the Hawaii Biological Survey for 2009-2010; Evenhuis, N., Eldredge, L., Eds.; Bishop Museum: Honolulu, HI, USA, 2011; Volume 109, pp. 23–24."
15.,"Donovan, B. Occurrence of the Australian bee Hyleoides concinna (Hymenoptera: Colletidae) in New Zealand. N. Z. J. Zool. 1983, 10, 345–347. [CrossRef]"
16.,"Giles, V.; Ascher, J. A survey of the bees of the Black Rock Forest preserve, New York (Hymenoptera: J. Hymenopt. Res. 15, Apoidea). 2006, 208–231."
17.,"Magnacca, K.; King, C. Assessing the Presence and Distribution of 23 Hawaiian Yellow-Faced Bee Species on Lands Adjacent to Military Installations on O’ahu and Hawai’i Island; Pacific Cooperative Studies Unit, University of Hawaii at Manoa: Honolulu, HI, USA, 2013."
18.,"Magnacca, K.; Gibbs, J.; Droege, S. Notes on alien and native bees (Hymenoptera: Apoidea) from the Hawaiian Islands. Occas. Pap. 2013, 114, 61–65."
19.,"Goulson, D. Effects of introduced bees on native ecosystems. Annu. Rev. Ecol. Evol. Syst. 2003, 34, 1–26. [CrossRef]"
20.,"Baumann, J.; Walker, K.; Threlfall, C. African Carder bee, “Afranthidium (Immanthidium) repetitum” (Hymenoptera: Megachilidae): A new exotic species for Victoria. Vic. Nat. 2016, 133, 21–25."
21.,"Gonzalez, V.H.; Griswold, T.; Ayala, R. Two new species of nocturnal bees of the genus Megalopta (Hymenoptera: Halictidae) with keys to species. Rev. Biol. Trop. 2010, 58, 255–263. [CrossRef] [PubMed]"
22.,"Rasmussen, C.; Carríon, A.; Castro-Urgal, R. Megachile timberlakei Cockerell (Hymenoptera: Megachilidae): Yet another adventive bee species to the Galápagos Archipelago. Pan-Pacific Entomol. 2012, 88, 98–102. [CrossRef]"
23.,"Eickwort, G. Two European species of Chelostoma established in New York State (Hymenoptera: Megachilidae). Psyche (Stuttg) 1980, 87, 315–324. [CrossRef]"
24.,"Notton, D.G.; Tang, C.Q.; Day, A.R. Viper’s Bugloss Mason Bee, Hoplitis (Hoplitis) adunca, new to Britain (Hymenoptera, Megachilidae, Megachilinae, Osmiini). Br. J. Entomol. Nat. Hist. 2016, 29, 134–143."
25.,"Eickwort, G. Hoplitis anthocopoides, a European mason bee established in New York state (Hymenoptera: Megachilidae). Psyche 1970, 77, 190–201. [CrossRef]"
26.,"Groom, S.; Hayes, S.; Ngo, H.; Stevens, M.; Schwarz, M. Recipe for disruption: Multiple recent arrivals of megachilid bees in Pacific archipelagos. J. Insect Conserv. 2014, 18, 613–622. [CrossRef]"
27.,"Gonzalez, V.; Engel, M.; Lucia, M. Species status and new distribution records for Lithurgus huberi (Hymenoptera, Megachilidae, Lithurginae). J. Hymenopt. 2013, 30, 13. [CrossRef]"
28.,"Silva, D.; Gonzalez, V.; Melo, G.; Lucia, M. Seeking the flowers for the bees: Integrating biotic interactions into niche models to assess the distribution of the exotic bee species Lithurgus huberi in South America. Ecological 2014, 273, 200–209. [CrossRef]"
29.,"Vélez-Espino, L.A.; McLaughlin, R.L.; Jones, M.L.; Pratt, T.C. Demographic analysis of trade-offs with deliberate fragmentation of streams: Control of invasive species versus protection of native species. Biol. Conserv. 2011, 144, 1068–1080. [CrossRef]"
30.,"Timberlake, P.H. The discovery of a fifth species of Megachile on Oahu. Proc. Hawaiian Entomol. Soc. 1921, 4, 551–557."
31.,"Bohart, G. Introduction of foreign pollinators, prospects and problems. Proc. 1st Int. Symp. Pollinat. 1962, 7, 181–188."
32.,"Genaro, J. Origins, composition and distribution of the bees of Cuba (Hymenoptera: Apoidea: Anthophila). Insecta Mundi 2008, 52, 1–16."
33.,"Ruz, L. Bee pollinators introduced to Chile: A review. In Pollinating bees: The Conservation Link Between Agriculture and Nature; Kevan, P., Imperatriz-Fonseca, V., Eds.; Ministry of Environment/Brasilia: Brasília, Brazil, 2002; pp. 155–167."
34.,"Mangum, W.; Brooks, R. First records of Megachile (Callomegachile) sculpturalis Smith (Hymenoptera: Megachilidae) in the continental United States. J. Kansas Entomol. Soc. 1997, 70, 140–142."
35.,"Westrich, P.; Knapp, A.; Berney, I. Megachile sculpturalis Smith 1853 (Hymenoptera, Apidae), a new species for the bee fauna of Germany, now north of the Alps. Eucera 2015, 9, 3–10."
36.,"Castro-Urgal, M.; Herrera, H.; Olesen, J. Invaders of pollination networks in the Galápagos Islands. Proc. R. Soc. B-Biol. Sci. 2013, 280, 20123040."
37.,"Torchio, P.; Asensio, E. The introduction of the European bee, Osmia cornuta Latr into the US as a potential pollinator of orchard crops, and a comparison of its manageability with Osmia. J. Kansas Entomol. Soc. 1985, 58, 42–52."
38.,"Stubbs, C.; Drummond, F.; Osgood, E. Osmia ribifloris biedermannii and Megachile rotundata (Hymenoptera: Megachilidae) introduced into the lowbush blueberry agroecosystem in Maine. J. Kansas Entomol. Soc. 1994, 67, 173–185."
39.,"Groom, S.S.V.C.; Stevens, M.M.I.; Ramage, T.; Schwarz, M.P. Origins and implications of apid bees (Hymentopera: Apidae) in French Polynesia. Entomol. Sci. 2016. [CrossRef]"
40.,"Koetz, A. Ecology, behaviour and control of Apis cerana with a focus on relevance to the Australian incursion. Insects 2013, 4, 558–592. [CrossRef] [PubMed]"
41.,"Mito, T.; Uesugi, T. Invasive alien species in Japan: The status quo and the new regulation for prevention of their adverse effects. Glob. Environ. Res. 2004, 8, 171–191."
42.,"Mogga, J.; Ruttner, F. Apis florea in Africa: Source of the founder population. Bee World 1988, 69, 100–103. [CrossRef]"
43.,"El Shafie, H.A.F.; Mogga, J.B.B.; Basedow, T. Studies on the possible competition for pollen between the honey bee, Apis mellifera sudanensis, and the imported dwarf honey bee Apis florea (Hym., Apidae) in J. Appl. Entomol. 126, North-Khartoum (Sudan). 2002, 557–562. [CrossRef]"
44.,"Moritz, R.F.A.; Haddad, N.; Bataieneh, A.; Shalmon, B.; Hefetz, A. Invasion of the dwarf honeybee Apis florea into the near East. Biol. Invasions 2010, 12, 1093–1099. [CrossRef]"
45.,"Haddad, N.; Fuchs, S.; Hepburn, H.R.; Radloff, S.E. Apis florea in Jordan: Source of the founder population. Apidologie 2009, 40, 508–512. [CrossRef]"
46.,"Goulson, D.; Williams, P. Bombus hypnorum (L.)(Hymenoptera: Apidae), a new British bumblebee? Br. J. Entomol. Nat. Hist. 2001, 14, 129–131."
47.,"Betts, C. Is Bombus hypnorum (Hymenoptera: Apidae) becoming the dominant early-season bumblebee? A back-garden study in east. Br. J. Entomol. Nat. Hist. 28, 185–191. 2015,"
48.,"Ratti, C.; Colla, S. Discussion of the presence of an eastern bumble bee species (Bombus impatiens Cresson) in western Canada. Pan-Pac. Entomol. 2010, 86, 29–31. [CrossRef]"
49.,"Montalva, J.; Dudley, L.; Arroyo, M. Geographic distribution and associated flora of native and introduced bumble bees (Bombus spp.) in Chile. J. Apic. Res. 2011, 50, 11–21. [CrossRef]"
50.,"Torretta, J.; Medan, D.; Abrahamovich, A. First record of the invasive bumblebee Bombus terrestris (L.)(Hymenoptera, Apidae) in Argentina. Trans. Am. Entomol. Soc. 2006, 132, 285–289."
51.,"Acosta, A.; Giannini, T.; Imperatriz-Fonseca, V. Worldwide alien invasion: A methodological approach to forecast the potential spread of a highly invasive pollinator. PLoS ONE 2016, 11, e0148295. [CrossRef] [PubMed]"
52.,"Groom, S.; Tuiwawa, M.; Stevens, M. Recent introduction of an allodapine bee into Fiji: A new model system Insect Sci. 22, for understanding biological invasions by pollinators. 2015, 532–540. [CrossRef] [PubMed]"
53.,"Shenoy, M.; Borges, R. A novel mutualism between an ant-plant and its resident pollinator. Naturwissenschaften 2008, 95, 61–65. [CrossRef] [PubMed]"
54.,"Silva, C.; Stevens, M.; Schwarz, M. Casteless sociality in an allodapine bee and evolutionary losses of social hierarchies. Insectes Soc. 2016, 63, 67–78. [CrossRef]"
55.,"Fuller, S.; Schwarz, M.; Tierney, S. Phylogenetics of the allodapine bee genus Braunsapis: Historical biogeography and long-range dispersal over water. J. Biogeogr. 2005, 32, 2135–2144. [CrossRef]"
56.,"Downing, J.; Liu, H. Friend or foe? Impacts of the introduced tropical oil bee Centris nitida on a threatened and specialized native mutualism in Southern Florida. Biol. Invasions 2012, 14, 2175–2185. [CrossRef]"
57.,"Daly, H. Biological studies on Ceratina dallatorreana, an alien bee in California which reproduces by parthenogenesis (Hymenoptera: Apoidea). Ann. Entomol. Soc. Am. 1966, 59, 1138–1154. [CrossRef] Euglossa viridissima"
58.,"Skov, C.; Wiley, J. Establishment of the neotropical orchid bee (Hymenoptera: Apidae) in Florida. Fla. Entomol. 88, 225–227. [CrossRef] 2005,"
59.,"López-Uribe, M.; Cane, J. Crop domestication facilitated rapid geographical expansion of a specialist pollinator, the squash bee Peponapis pruinosa. Proc. R. Soc. B Biol. Sci. 2016, 283, 1–9. [CrossRef] [PubMed]"
60.,"Dahlberg, L.; Hauser, M.; Yanega, D. Japanese carpenter bee, Xylocopa appendiculata Smith 1852 (Hymenoptera: Apidae) potentially established in Santa Clara County, first record for North America. Pan-Pac. Entomol. 2013, 89, 226–229. [CrossRef]"
61.,"Montalva, J.; Allendes, J.; Lucia, M. The large carpenter bee Xylocopa augusti (Hymenoptera: Apidae): New record for Chile. J. Melittol. 2013, 12, 1–6. [CrossRef]"
62.,"Barrows, E. Robbing of exotic plants by introduced carpenter and honey bees in Hawaii, with comparative notes. Biotropica 1980, 12, 23–29. [CrossRef]"
63.,"Okabe, K.; Masuya, H.; Kawazoe, K.; Makino, S. Invasion pathway and potential risks of a bamboo-nesting carpenter bee, Xylocopa tranquebarorum (Hymenoptera: Apidae), and its micro-associated mite introduced into Japan. Appl. Entomol. Zool. 2010, 45, 329–337. [CrossRef]"
64.,"Groom, S.; Ngo, H.; Rehan, S.; Skelton, P. Multiple recent introductions of apid bees into Pacific archipelagos signify potentially large consequences for both agriculture and indigenous ecosystems. Biol. Invasions 2014, 16, 2293–2302. [CrossRef]"
65.,"Dickersin, K. Publication bias: Recognizing the problem, understanding its origins and scope, and preventing harm. In Publication bias in meta-analysis: Prevention, Assessment and Adjustments; Rothstein, H.R., Sutton, A.J., Borenstein, M., Eds.; John Wiley & Sons: San Francisco, CA, USA, 2005; pp. 11–32."
66.,"Paini, D. Impact of the introduced honey bee (Apis mellifera)(Hymenoptera: Apidae) on native bees: A review. Austral Ecol. 2004, 29, 399–407. [CrossRef]"
67.,"Dafni, A.; Kevan, P.; Gross, C.; Goka, K. Bombus terrestris, pollinator, invasive and pest: An assessment of Appl. Entomol. Zool. problems associated with its widespread introductions for commercial purposes. 2010, 45, 101–113. [CrossRef]"
68.,"Valido, A.; Rodríguez-Rodríguez, M. Impacto de la introducción de la abeja doméstica (Apis mellifera, Apidae) en el Parque Nacional del Teide (Tenerife, Islas Canarias). Ecosistemas 2014, 23, 58–66. [CrossRef]"
69.,"Abrahamovich, A.; Telleria, M.; Díaz, N. Bombus species and their associated flora in Argentina. Bee World 2001, 82, 76–87. [CrossRef]"
70.,"Moritz, R.; Härtel, S.; Neumann, P. Global invasions of the western honeybee (Apis mellifera) and the consequences for biodiversity. Ecoscience 12, 289–301. [CrossRef] 2005,"
71.,"Rust, R.; Cambon, G.; Grossa, J. Nesting biology and foraging ecology of the wood-boring bee Lithurgus chrysurus (Hymenoptera: Megachilidae). J. Kansas 2004, 77, 269–279. [CrossRef]"
72.,"Rozen, J.; Wyman, E. Early nesting biology of the wood-nesting adventive bee, Lithurgus chrysurus Fonscolombe (Apoidea: Megachilidae: Lithurginae). Am. Museum Novit. 2014, 3804, 1–12. [CrossRef]"
73.,"Gibbs, J.; Sheffield, C. Rapid range expansion of the Wool-Carder Bee, Anthidium manicatum (Linnaeus)(Hymenoptera: Megachilidae), in north america. J. Kansas Entomol. Soc. 2009, 82, 21–29. [CrossRef]"
74.,"Bosch, J. Parasitism in wild and managed populations of the almond pollinator Osmia cornuta Latr.(Hymenoptera: Megachilidae). J. Apic. Res. 1992, 31, 77–82. [CrossRef]"
75.,"McKinney, M.; Park, Y. Distribution of Chaetodactylus krombeini (Acari: Chaetodactylidae) within Osmia cornifrons (Hymenoptera: Megachilidae) nests: Implications for population. Exp. Appl. Acarol. 2013, 60, 153–161. [CrossRef] [PubMed]"
76.,"Magnacca, K.N. Conservation status of the endemic bees of Hawai‘i, Hylaeus (Nesoprosopis) (Hymenoptera: Colletidae). Pac. Sci. 2007, 61, 173–190. [CrossRef]"
77.,"MacIvor, J.S.; Cabral, J.M.; Packer, L. Pollen specialization by solitary bees in an urban landscape. Urban Ecosyst. 2014, 17, 139–147. [CrossRef]"
78.,"Soper, J.; Beggs, J. Assessing the impact of an introduced bee, Anthidium manicatum, on pollinator communities in New Zealand. N. Z. J. Bot. 2013, 51, 213–228. [CrossRef]"
79.,"Barthell, J.; Frankie, G. Invader effects in a community of cavity nesting megachilid bees (Hymenoptera: Megachilidae). Environ. Entomol. 1998, 27, 240–247. [CrossRef]"
80.,"Frankie, G.; Thorp, R. Monitoring solitary bees in modified wildland habitats: Implications for bee ecology and conservation. Environ. Entomol. 1998, 27, 1137–1148. [CrossRef] solstitialis),"
81.,"Mciver, J.; Thorp, R.; Erickson, K. Pollinators of the invasive plant, yellow starthistle (Centaurea in north-eastern Oregon, USA. Weed Biol. Manag. 9, 137–145. [CrossRef] 2009,"
82.,"Alvarez, L.; Lucia, M.; Aquino, D. Nesting biology and associated insect enemies of the exotic leaf cutter bee Megachile (Eutricharaea) concinna (Hymenoptera: Megachilidae) in Argentina. J. Apic. Res. 2016, 54, 305–313. [CrossRef]"
83.,"Donovan, B. Interactions between native and introduced bees in New Zealand. N. Z. J. Ecol. 1980, 3, 104–116."
84.,"Woodward, D. Monitoring for impact of the introduced leafcutting bee, Megachile rotundata (F.)(Hymenoptera: Megachilidae), near release sites in South Australia. Aust. J. Entomol. 1996, 35, 187–191. [CrossRef]"
85.,"Howlett, B.; Donovan, B. A review of New Zealand’s deliberately introduced bee fauna: current status and potential impacts. N. Z. Entomol. 2010, 33, 92–101. [CrossRef]"
86.,"Hedtke, S.; Blitzer, E.; Montgomery, G.; Danforth, B. Introduction of non-native pollinators can lead to trans-continental movement of bee-associated fungi. PLoS ONE 2015, 10, e0130560. [CrossRef] [PubMed]"
87.,"Laport, R.; Minckley, R. Occupation of active Xylocopa virginica nests by the recently invasive Megachile sculpturalis in upstate New York. J. Kansas Entomol. Soc. 2012, 85, 384–386. [CrossRef]"
88.,"Parys, K.; Tripodi, A.; Sampson, B. The Giant Resin Bee, Megachile sculpturalis Smith: New Distributional Records for the Mid-and Gulf-south USA. Biodivers. Data J. 2015, 3, e6733. [CrossRef] [PubMed]"
89.,"Mangum, W.; Sumner, S. A survey of the North American range of Megachile (Callomegachile) sculpturalis, an adventive species in North America. J. Kansas Entomol. Soc. 2003, 76, 658–662."
90.,"Quaranta, M.; Sommaruga, A.; Balzarini, P. A new species for the bee fauna of Italy: Megachile sculpturalis continues its colonization of Europe. Bull. Insectol. 2014, 67, 287–293."
91.,"Hodge, S.; Prasad, A. Factors influencing the foraging activity of the allodapine bee Braunsapis puangensis on creeping daisy (Sphagneticola trilobata) in Fiji. J. Hymenopt. Res. 2013, 35, 56–69. [CrossRef]"
92.,"Liu, H.; Pemberton, R. Pollination of an invasive orchid, Cyrtopodium polyphyllum (Orchidaceae), by an Centris nitida, Botany 88, invasive oil-collecting bee, in southern Florida. 2010, 290–295. [CrossRef]"
93.,"Pemberton, R.; Liu, H. Potential of invasive and native solitary specialist bee pollinators to help restore the rare cowhorn orchid (Cyrtopodium punctatum) in Florida. Biol. Conserv. 2008, 141, 1758–1764. [CrossRef]"
94.,"Liu, H.; Pemberton, R. Solitary invasive orchid bee outperforms co-occurring native bees to promote fruit set of an invasive Solanum. Oecologia 2009, 159, 515–525. [CrossRef] [PubMed]"
95.,"Howarth, F. Impacts of alien land arthropods and mollusks on native plants and animals in Hawaii; University of Hawai‘i Press: Honolulu, HI, USA, 1985."
96.,"Kawazoe, K.; Okabe, K.; Kawakita, A. An alien Sennertia mite (Acari: Chaetodactylidae) associated with an introduced Oriental bamboo-nesting large carpenter bee (Hymenoptera: Apidae: Xylocopa). Entomol. Sci. 2010, 13, 303–310. [CrossRef]"
97.,"Goka, K.; Okabe, K.; Takano, A. Recent cases of invasive alien mites and ticks in Japan: Why is a regulatory framework needed? Exp. Appl. Acarol. 2013, 59, 245–261. [CrossRef] [PubMed]"
98.,"Kremen, C.; Williams, N.M.; Aizen, M.A.; Gemmill-Herren, B.; LeBuhn, G.; Minckley, R.; Packer, L.; Potts, S.G.; Roulston, T.; Steffan-Dewenter, I.; et al. Pollination and other ecosystem services produced by mobile organisms: A conceptual framework for the effects of land-use change. Ecol. Lett. 2007, 10, 299–314. [CrossRef] [PubMed]"
99.,"Winfree, R.; Williams, N.M.; Dushoff, J.; Kremen, C. Native bees provide insurance against ongoing honey bee losses. Ecol. Lett. 2007, 10, 1105–1113. [CrossRef] [PubMed]"
100.,"Carvalheiro, L.G.; Veldtman, R.; Shenkute, A.G.; Tesfay, G.B.; Pirk, C.W.W.; Donaldson, J.S.; Nicolson, S.W. Ecol. Lett. 14, Natural and within-farmland biodiversity enhances crop productivity. 2011, 251–259. [CrossRef] [PubMed]"
101.,"Garibaldi, L.A.; Steffan-Dewenter, I.; Winfree, R.; Aizen, M.A.; Bommarco, R.; Cunningham, S.A.; Kremen, C.; Carvalheiro, L.G.; Harder, L.D.; Afik, O.; et al. Wild pollinators enhance fruit set of crops regardless of honey bee abundance. Science 2013, 339, 1608–1611. [CrossRef] [PubMed]"
102.,"Greenleaf, S.S.; Kremen, C. Wild bees enhance honey bees’ pollination of hybrid sunflower. Proc. Natl. Acad. Sci. USA 2006, 103, 13890–13895. [CrossRef] [PubMed]"
103.,"Losey, J.E.; Vaughan, M. The Economic Value of Ecological Services Provided by Insects. Bioscience 2006, 56, 311. [CrossRef]"
104.,"Felicioli, A.; Bedini, G.; Soci, M.; Pinzauti, M. Detection of lead in the environment by using the pedotrophic cell of Osmia cornuta (Hymenoptera, Megachilidae). Ann. Della Fac. 2006, 59, 263–273. Anthidium oblongatum"
105.,"O’Brien, M.; Swanson, D.; Monsma, J. (Apoidea: Megachilidae) confirmed as a Michigan resident, with notes on other Michigan Anthidium species. Gt. Lakes Entomol. 45, 102–105. 2012,"
106.,"Sanguinetti, A.; Singer, R. Invasive bees promote high reproductive success in Andean orchids. Biol. Conserv. 2014, 175, 10–20. [CrossRef]"
107.,"Packer, L.; Zayed, A.; Grixti, J.; Ruz, L. Conservation genetics of potentially endangered mutualisms: Reduced levels of genetic variation in specialist versus generalist bees. Conserv. Biol. 2005, 19, 195–202. [CrossRef]"
108.,"Adamson, N.; Fell, R.; Mullins, D.; Kennedy, L. An Assessment of non-Apis Bees as fruit and Vegetable Crop Pollinators; Virginia Polytechnic Institute and State University: Blacksburg, VA, USA, 2011."
109.,"Cane, J. Ground-nesting bees: The neglected pollinator resource for agriculture. Acta Hortic. 1997, 437, 309–324. [CrossRef]"
110.,"Cane, J. A native ground-nesting bee (Nomia melanderi) sustainably managed to pollinate alfalfa across an intensively agricultural landscape. Apidologie 39, 315–323. [CrossRef] 2008,"
111.,"Payne, A.; Schildroth, D.; Starks, P. Nest site selection in the European wool-carder bee, Anthidium manicatum, with methods for an emerging model species. Apidologie 2011, 42, 181–191. [CrossRef]"
112.,"Praz, C.; Müller, A.; Dorn, S. Specialized bees fail to develop on non-host pollen: Do plants chemically protect their pollen. Ecology 2008, 89, 795–804. [CrossRef] [PubMed]"
113.,"Parker, F.; Torchio, P.; Nye, W. Utilization of additional species and populations of leafcutter bees for alfalfa pollination. J. Apic. Res. 1976, 15, 89–92. [CrossRef]"
114.,"Kearns, C.A.; Inouye, D.W.; Waser, N.M. Endangered Mutualisms: The Conservation of Plant-Pollinator Interactions. Annu. Rev. Ecol. Syst. 1998, 29, 83–112. [CrossRef]"
115.,"Brading, P.; El-Gabbas, A.; Zalat, S.; Gilbert, F. Biodiversity economics: the value of pollination services to Egypt. Egypt. J. Biol. 2009, 11, 46–51. Megachile rotundata:"
116.,"Pitts-Singer, T.; Cane, J. The Alfalfa leafcutting bee, The World’s most intensively managed solitary bee. Annu. Rev. Entomol. 2011, 56, 221–237. [CrossRef] [PubMed]"
117.,"Stephen, W.; Osgood, C. The induction of emergence in the leaf-cutter bee Megachile rotundata, an important pollinator of alfalfa. J. Econ. Entomol. 1965, 58, 284–286. [CrossRef]"
118.,"Cane, J.; Neff, J. Predicted fates of ground-nesting bees in soil heated by wildfire: Thermal tolerances of life stages and a survey of nesting depths. Biol. Conserv. 2011, 144, 2631–2636. [CrossRef]"
119.,"Pitts-Singer, T.; Buckner, J. Structural Examination of the Dufour’s Gland of the Solitary Bees Osmia lignaria and Megachile rotundata (Hymenoptera: Megachilidae). Ann. Entomol. Soc. Am. 105, 103–110. [CrossRef] 2012,"
120.,"Cane, J.; Tepedino, V. Gauging the effect of honey bee pollen collection on native bee communities. Conserv. Lett. 2016. [CrossRef]"
121.,"Abel, C.; Wilson, R. The use of diverse plant species for increasing Osmia cornifrons (Hymenoptera: Megachilidae) in field cages. J. Kansas Entomol. Soc. 1998, 71, 23–28."
122.,"West, T.; McCutcheon, T. Evaluating Osmia cornifrons as pollinators of highbush blueberry. Int. J. Fruit Sci. 2009, 9, 115–125. [CrossRef]"
123.,"Matsumoto, S.; Maejima, T. Several new aspects of the foraging behavior of Osmia cornifrons in an apple orchard. Psyche A J. Entomol. 2010, 53, 4633–4641."
124.,"Biddinger, D.; Joshi, N.; Rajotte, E.; Halbrendt, N. An immunomarking method to determine the foraging patterns of Osmia cornifrons and resulting fruit set in a cherry orchard. Apidologie 2013, 44, 738–749. [CrossRef] Osmia cornifrons"
125.,"Wilson, R.; Abel, C. Storage conditions for maintaining (Hymenoptera: Megachilidae) for use in germplasm pollination. J. Kansas Entomol. Soc. 1996, 69, 270–272."
126.,"Biddinger, D.; Robertson, J.; Mullin, C.; Frazier, J. Comparative toxicities and synergism of apple orchard pesticides to Apis mellifera (L.) and Osmia cornifrons (Radoszkowski). PLoS ONE 2013, 8, e72587. [CrossRef] [PubMed]"
127.,"Lee, K.; Yoon, H.; Jin, B. Osmia cornifrons vitellogenin: cDNA cloning, structural analysis and developmental expression. Entomol. Res. 2015, 45, 94–101. [CrossRef]"
128.,"Vicens, N.; Bosch, J. Pollinating efficacy of Osmia cornuta and Apis mellifera (Hymenoptera: Megachilidae, Apidae) on “red Delicious” apple. Environ. Entomol. 2000, 29, 235–240. [CrossRef]"
129.,"Nogué, S.; Long, P.; Eycott, A.; Nascimento, L. de Pollination service delivery for European crops: Challenges and opportunities. Ecol. Econ. 2016, 128, 1–7. [CrossRef] Apis mellifera Osmia cornuta"
130.,"Maccagnani, B.; Giacomello, F.; Fanti, M.; Gobbin, D. and as carriers for the secondary spread of Bacillus subtilis on apple flowers. BioControl 54, 123. [CrossRef] 2009,"
131.,"Lozo, J.; Berić, T.; Terzić-Vidojević, A. Microbiota associated with pollen, bee bread, larvae and adults of solitary bee Osmia cornuta (Hymenoptera: Megachilidae). Bull. Entomol. Res. 2015, 105, 470–476. [CrossRef] [PubMed]"
132.,"Bond, D.; Kirby, E. Anthophora plumipes (Hymenoptera: Anthophoridae) as a pollinator of broad bean (Vicia faba major). J. Apic. Res. 1999, 38, 199–203. [CrossRef]"
133.,"Silva, D.; Groom, S.; Silva, C. Potential pollination maintenance by an exotic allodapine bee under climate change scenarios in the Indo-Pacific region. J. Appl. Entomol. 2016. [CrossRef]"
134.,"Ali, H.; Alqarni, A.; Shebl, M.; Engel, M. Notes on the nesting biology of the small carpenter bee Ceratina smaragdula (Hymenoptera: Apidae) in northwestern Pakistan. Florida Entomol. 2016, 99, 89–93. [CrossRef]"
135.,"Pemberton, R.; Wheeler, G. Orchid bees don’t need orchids: Evidence from the naturalization of an orchid bee in Florida. Ecology 87, 1995–2001. [CrossRef] 2006,"
136.,"Minter, L.M.; Bessin, R.T. Evaluation of Native Bees as Pollinators of Cucurbit Crops under Floating Row Covers. Environ. Entomol. 2014, 43, 1354–1363. [CrossRef] [PubMed]"
137.,"Pintor, L.M.; Byers, J.E. Do native predators benefit from non-native prey? Ecol. Lett. 2015, 18, 1174–1180. [CrossRef] [PubMed]"
138.,"Stubblefield, J.W.; Seger, J.; Wenzel, J.W.; Heisler, M.M. Temporal, Spatial, Sex-Ratio and Body-Size Heterogeneity of Prey Species Taken by the Beewolf Philanthus sanbornii (Hymenoptera: Sphecidae). Philos. Trans. R. Soc. Lond. B Biol. Sci. 1993, 339, 397–423. [CrossRef] [PubMed]"
139.,"Smith, T.; Saunders, M. Honey bees: The queens of mass media, despite minority rule among insect pollinators. Insect Conserv. Divers. 2016, 9, 384–390. [CrossRef]"
140.,"Marchetti, M.P.; Engstrom, T. The conservation paradox of endangered and invasive species. Conserv. Biol. 30, 2016, 434–437. [CrossRef] [PubMed]"
141.,"Bartlett, M.; Hale, R.; Hale, M. Habitat quality limits gene flow between populations of Bombus ruderatus in the South Island, New Zealand. Conserv. Genet. 2016, 17, 703–713. [CrossRef]"
142.,"Howlett, B.; Donovan, B.; Read, R.; Hale, R. Rearing Bombus subterraneus for re-introduction into Great Britain. Weta 2009, 37, 10–12."
143.,"Lye, G.; Kaden, J.; Park, K.; Goulson, D. Forage use and niche partitioning by non-native bumblebees in New Zealand: Implications for the conservation of their populations of origin. J. Insect Conserv. 2010, 14, 607–615. [CrossRef]"
144.,"Wehling, W.; Flanders, R. The Risks of International Trade in Bees: Laws and Regulations on the Import, Movement and Release of Bees in the United States. Bee Res. Virus Eur. 2005, 6, 301–309."
